{
  "meta": {
    "gitRef": "44548d0",
    "nodeVersion": "v25.9.0",
    "clients": 15,
    "duration": 30.068,
    "connected": 15,
    "movesSent": 75,
    "timestamp": "2026-04-16T21:34:46.577Z"
  },
  "broadcast_ms": {
    "count": 1846,
    "sum": 59.76509200007632,
    "mean": 0.03237545612138479,
    "p50": 0.5040961223375204,
    "p95": 0.9577826324412888,
    "p99": 0.9981103222282905,
    "loadPhase": {
      "count": 1835,
      "mean": 0.03247393623982359
    }
  },
  "broadcast_bytes": {
    "count": 9,
    "sum": 994185,
    "mean": 110465,
    "p50": 60620.8,
    "p95": 240025.59999999995,
    "p99": 257720.32,
    "loadPhase": {
      "count": 9,
      "mean": 110465
    }
  },
  "gc_pause_ms": {
    "count": 11,
    "sum": 6.802750006318092,
    "mean": 0.6184318187561902,
    "p50": 0.55,
    "p95": 2.799999999999997,
    "p99": 4.560000000000002,
    "loadPhase": {
      "count": 8,
      "mean": 0.5641042497009039
    }
  },
  "fps": {
    "count": 30,
    "sum": 1797,
    "mean": 59.9,
    "p50": 52.5,
    "p95": 59.25,
    "p99": 59.85,
    "loadPhase": {
      "count": 30,
      "mean": 59.9
    }
  }
}